{
  "model_info": {
    "parameters": 1119491,
    "architecture": "DQN with 256-128 hidden layers",
    "input_features": 4242,
    "output_classes": 3
  },
  "dataset_info": {
    "test_samples": 179,
    "feature_dimensions": 4242,
    "class_distribution": {
      "Scale Down": 54,
      "Keep Same": 72,
      "Scale Up": 53
    }
  },
  "performance_metrics": {
    "accuracy": 0.0670391061452514,
    "per_class_metrics": {
      "Scale Down": {
        "precision": 0.0,
        "recall": 0.0,
        "f1_score": 0.0,
        "support": 54
      },
      "Keep Same": {
        "precision": 0.25,
        "recall": 0.013888888888888888,
        "f1_score": 0.02631578947368421,
        "support": 72
      },
      "Scale Up": {
        "precision": 0.10476190476190476,
        "recall": 0.20754716981132076,
        "f1_score": 0.13924050632911392,
        "support": 53
      }
    }
  }
}