{
  "features": [
    "http_request_duration_highr_seconds_bucket",
    "process_resident_memory_bytes",
    "process_cpu_seconds_total",
    "scrape_samples_scraped",
    "http_response_size_bytes_sum"
  ],
  "n_features": 5,
  "n_samples": 893,
  "target_classes": [
    "Scale Down",
    "Keep Same",
    "Scale Up"
  ],
  "scaler_stats": {
    "means": [
      132.56799679637953,
      203951183.96411824,
      12.683268353757994,
      382.30111258028415,
      41428.75363941769
    ],
    "stds": [
      91.09786092593693,
      103880535.7472431,
      8.31677455674765,
      360.4863698147418,
      108386.19932149682
    ]
  }
}